mobile,status
+1-239-634-9060,1
470.650.7536,1
+1-517-530-8377,1
+1.463.786.2303,1
605-826-9025,1
1-989-627-3003,1
+1-351-576-9052,1
706.620.7976,1
1-870-901-9401,1
+1-281-942-4099,1
+15207676466,1
848.959.4465,1
+16368284102,1
305.768.4500,1
"(737) 238-1154",1
1-520-961-6988,1
276-935-0030,1
1-984-222-8611,1
+1-267-329-4384,1
"+1 (380) 846-8033",1
"+1 (610) 855-5669",1
+1.708.836.3942,1
+1-986-680-3735,1
+1-234-874-3700,1
1-860-700-3328,1
"(689) 484-6708",1
+1-838-613-9066,1
1-218-455-4697,1
+1-786-396-4817,1
"(540) 620-0121",1
303.627.4588,1
765.746.6669,1
"(763) 626-5127",1
+1-530-291-9149,1
+1-561-842-7857,1
"(608) 767-0288",1
+1-616-718-7391,1
1-248-334-1663,1
+1-331-810-2875,1
458.684.5742,1
+1-765-435-1711,1
+1.646.246.1549,1
240-944-7718,1
1-857-475-9173,1
505.712.4407,1
+1.940.954.9130,1
+1-248-323-7748,1
+1-270-558-9616,1
901.519.2889,1
772-445-4144,1
